driver_id,Image_URL
1,https://randomuser.me/api/portraits/men/1.jpg
2,https://randomuser.me/api/portraits/men/2.jpg
3,https://randomuser.me/api/portraits/men/3.jpg
4,https://randomuser.me/api/portraits/men/4.jpg
5,https://randomuser.me/api/portraits/men/5.jpg
6,https://randomuser.me/api/portraits/men/6.jpg
7,https://randomuser.me/api/portraits/men/7.jpg
8,https://randomuser.me/api/portraits/men/8.jpg
9,https://randomuser.me/api/portraits/men/9.jpg
10,https://randomuser.me/api/portraits/men/10.jpg
11,https://randomuser.me/api/portraits/men/11.jpg
12,https://randomuser.me/api/portraits/men/12.jpg
13,https://randomuser.me/api/portraits/men/13.jpg
14,https://randomuser.me/api/portraits/men/14.jpg
15,https://randomuser.me/api/portraits/men/15.jpg
16,https://randomuser.me/api/portraits/men/16.jpg
17,https://randomuser.me/api/portraits/men/17.jpg
18,https://randomuser.me/api/portraits/men/18.jpg
19,https://randomuser.me/api/portraits/men/19.jpg
20,https://randomuser.me/api/portraits/men/20.jpg
21,https://randomuser.me/api/portraits/men/21.jpg
22,https://randomuser.me/api/portraits/men/22.jpg
23,https://randomuser.me/api/portraits/men/23.jpg
24,https://randomuser.me/api/portraits/men/24.jpg
25,https://randomuser.me/api/portraits/men/25.jpg
26,https://randomuser.me/api/portraits/men/26.jpg
27,https://randomuser.me/api/portraits/men/27.jpg
28,https://randomuser.me/api/portraits/men/28.jpg
29,https://randomuser.me/api/portraits/men/29.jpg
30,https://randomuser.me/api/portraits/men/30.jpg
31,https://randomuser.me/api/portraits/men/31.jpg
32,https://randomuser.me/api/portraits/men/32.jpg
33,https://randomuser.me/api/portraits/men/33.jpg
34,https://randomuser.me/api/portraits/men/34.jpg
35,https://randomuser.me/api/portraits/men/35.jpg
36,https://randomuser.me/api/portraits/men/36.jpg
37,https://randomuser.me/api/portraits/men/37.jpg
38,https://randomuser.me/api/portraits/men/38.jpg
39,https://randomuser.me/api/portraits/men/39.jpg
40,https://randomuser.me/api/portraits/men/40.jpg
41,https://randomuser.me/api/portraits/men/41.jpg
42,https://randomuser.me/api/portraits/men/42.jpg
43,https://randomuser.me/api/portraits/men/43.jpg
44,https://randomuser.me/api/portraits/men/44.jpg
45,https://randomuser.me/api/portraits/men/45.jpg
46,https://randomuser.me/api/portraits/men/46.jpg
47,https://randomuser.me/api/portraits/men/47.jpg
48,https://randomuser.me/api/portraits/men/48.jpg
49,https://randomuser.me/api/portraits/men/49.jpg
50,https://randomuser.me/api/portraits/men/50.jpg
51,https://randomuser.me/api/portraits/men/51.jpg
52,https://randomuser.me/api/portraits/men/52.jpg
53,https://randomuser.me/api/portraits/men/53.jpg
54,https://randomuser.me/api/portraits/men/54.jpg
